<?xml version="1.0" encoding="UTF-8"?>
<project-private xmlns="http://www.netbeans.org/ns/project-private/1">
    <editor-bookmarks xmlns="http://www.netbeans.org/ns/editor-bookmarks/2" lastBookmarkId="0"/>
    <open-files xmlns="http://www.netbeans.org/ns/projectui-open-files/2">
        <group>
            <file>file:/C:/xampp/htdocs/Notes/index.php</file>
            <file>file:/C:/xampp/htdocs/Notes/database.php</file>
            <file>file:/C:/xampp/htdocs/Notes/send.php</file>
            <file>file:/C:/xampp/htdocs/Notes/history.php</file>
            <file>file:/C:/xampp/htdocs/Notes/style.css</file>
            <file>file:/C:/xampp/htdocs/Notes/app.js</file>
        </group>
    </open-files>
</project-private>
